Quarter,Country,Number_of_Tourists,Estimated_Tourist_Spending_USD
2019-Q1,Russia,137308,125460004.18
2019-Q1,Georgia,41608,23666650.24
2019-Q1,Iran,29126,21153217.45
2019-Q1,United States,12483,19605080.2
2019-Q1,Germany,8322,9763226.54
2019-Q1,France,8322,10114212.04
2019-Q1,United Kingdom,7073,9609584.52
2019-Q1,Italy,4993,5896860.04
2019-Q1,Spain,3329,3825133.96
2019-Q1,Netherlands,2913,3485942.69
2019-Q1,Poland,2497,2606792.84
2019-Q1,Czechia,1664,1728712.29
2019-Q1,Greece,1664,1586019.07
2019-Q1,Switzerland,1664,2812458.35
2019-Q1,Austria,1248,1532607.1
2019-Q1,Belgium,1248,1433256.18
2019-Q1,Norway,832,1440478.06
2019-Q1,Sweden,832,1188165.73
2019-Q1,Denmark,624,944541.09
2019-Q1,Finland,624,871419.24
2019-Q1,Canada,2497,3339791.91
2019-Q1,China,1664,1768081.33
2019-Q1,India,1664,1589143.9
2019-Q1,Japan,624,866850.15
2019-Q1,South Korea,624,732763.41
2019-Q1,Israel,4161,4496512.48
2019-Q1,Lebanon,2497,2050767.04
2019-Q1,UAE,3329,3389828.16
2019-Q1,Qatar,832,934086.64
2019-Q1,Kuwait,832,934914.37
2019-Q1,Saudi Arabia,1664,2210622.1
2019-Q1,Iraq,1664,1304149.02
2019-Q1,Kazakhstan,4161,3243542.32
2019-Q1,Belarus,1664,1117405.88
2019-Q1,Ukraine,4161,3002408.16
2019-Q1,Turkey,4161,3077117.88
2019-Q1,Azerbaijan,1248,806578.29
2019-Q1,Uzbekistan,3329,2232409.17
2019-Q1,Kyrgyzstan,832,478620.95
2019-Q1,Tajikistan,416,236242.78
2019-Q1,Armenian Diaspora (non-resident),4161,5178760.84
2019-Q1,Other,49930,46157386.17
2019-Q2,Russia,152782,132928294.32
2019-Q2,Georgia,46297,28100651.18
2019-Q2,Iran,32408,22817954.38
2019-Q2,United States,13889,21061302.44
2019-Q2,Germany,9259,12561156.34
2019-Q2,France,9259,12171267.63
2019-Q2,United Kingdom,7870,10985155.86
2019-Q2,Italy,5556,6689728.16
2019-Q2,Spain,3704,4321176.65
2019-Q2,Netherlands,3241,4179125.32
2019-Q2,Poland,2778,2575601.06
2019-Q2,Czechia,1852,1822398.45
2019-Q2,Greece,1852,1718021.32
2019-Q2,Switzerland,1852,2868543.86
2019-Q2,Austria,1389,1643869.64
2019-Q2,Belgium,1389,1791388.41
2019-Q2,Norway,926,1506050.43
2019-Q2,Sweden,926,1456246.93
2019-Q2,Denmark,694,921626.41
2019-Q2,Finland,694,955331.29
2019-Q2,Canada,2778,3780818.64
2019-Q2,China,1852,2096912.61
2019-Q2,India,1852,1726073.62
2019-Q2,Japan,694,1010140.81
2019-Q2,South Korea,694,818279.09
2019-Q2,Israel,4630,4975262.12
2019-Q2,Lebanon,2778,2317738.28
2019-Q2,UAE,3704,3668570.44
2019-Q2,Qatar,926,953629.3
2019-Q2,Kuwait,926,960881.68
2019-Q2,Saudi Arabia,1852,2120230.46
2019-Q2,Iraq,1852,1518429.67
2019-Q2,Kazakhstan,4630,3730377.25
2019-Q2,Belarus,1852,1341157.26
2019-Q2,Ukraine,4630,3171763.71
2019-Q2,Turkey,4630,3266691.36
2019-Q2,Azerbaijan,1389,931090.71
2019-Q2,Uzbekistan,3704,2552696.31
2019-Q2,Kyrgyzstan,926,568289.22
2019-Q2,Tajikistan,463,246222.03
2019-Q2,Armenian Diaspora (non-resident),4630,5455143.64
2019-Q2,Other,55557,49046930.45
2019-Q3,Russia,259591,219662585.58
2019-Q3,Georgia,78664,48347616.1
2019-Q3,Iran,55065,37640832.6
2019-Q3,United States,23599,35420613.65
2019-Q3,Germany,15733,20944533.17
2019-Q3,France,15733,20909542.87
2019-Q3,United Kingdom,13373,18654178.17
2019-Q3,Italy,9440,11272217.82
2019-Q3,Spain,6293,7083780.56
2019-Q3,Netherlands,5506,6855066.97
2019-Q3,Poland,4720,4321789.07
2019-Q3,Czechia,3147,2919296.85
2019-Q3,Greece,3147,2791929.56
2019-Q3,Switzerland,3147,4784133.14
2019-Q3,Austria,2360,2888608.03
2019-Q3,Belgium,2360,2703784.17
2019-Q3,Norway,1573,2623537.78
2019-Q3,Sweden,1573,2512776.46
2019-Q3,Denmark,1180,1680521.62
2019-Q3,Finland,1180,1712918.79
2019-Q3,Canada,4720,6074549.41
2019-Q3,China,3146,3425053.14
2019-Q3,India,3147,2697762.63
2019-Q3,Japan,1180,1623995.87
2019-Q3,South Korea,1180,1475493.82
2019-Q3,Israel,7866,7905309.37
2019-Q3,Lebanon,4720,3858019.18
2019-Q3,UAE,6293,6367803.51
2019-Q3,Qatar,1573,1678897.12
2019-Q3,Kuwait,1573,1605194.3
2019-Q3,Saudi Arabia,3147,3790019.49
2019-Q3,Iraq,3147,2450947.46
2019-Q3,Kazakhstan,7866,6366009.24
2019-Q3,Belarus,3147,2205306.9
2019-Q3,Ukraine,7866,5947185.75
2019-Q3,Turkey,7866,5440303.0
2019-Q3,Azerbaijan,2360,1455497.74
2019-Q3,Uzbekistan,6293,4444586.35
2019-Q3,Kyrgyzstan,1573,954181.64
2019-Q3,Tajikistan,787,462266.22
2019-Q3,Armenian Diaspora (non-resident),7866,9833339.1
2019-Q3,Other,94397,86473240.08
2019-Q4,Russia,163955,158355712.15
2019-Q4,Georgia,49683,28037960.56
2019-Q4,Iran,34778,23565875.24
2019-Q4,United States,14905,21321703.92
2019-Q4,Germany,9937,12666319.9
2019-Q4,France,9937,12028891.53
2019-Q4,United Kingdom,8446,11764202.73
2019-Q4,Italy,5962,7074906.5
2019-Q4,Spain,3975,4235078.84
2019-Q4,Netherlands,3478,4126738.5
2019-Q4,Poland,2981,3027729.24
2019-Q4,Czechia,1987,2070267.87
2019-Q4,Greece,1987,2076106.45
2019-Q4,Switzerland,1987,3642387.58
2019-Q4,Austria,1491,1826273.07
2019-Q4,Belgium,1491,1700675.92
2019-Q4,Norway,994,1509663.41
2019-Q4,Sweden,994,1510957.89
2019-Q4,Denmark,745,1036341.02
2019-Q4,Finland,745,1021339.12
2019-Q4,Canada,2981,3901185.41
2019-Q4,China,1987,2170313.67
2019-Q4,India,1987,1883614.62
2019-Q4,Japan,745,1051190.08
2019-Q4,South Korea,745,886909.02
2019-Q4,Israel,4968,5181817.97
2019-Q4,Lebanon,2981,2185110.81
2019-Q4,UAE,3975,3878346.3
2019-Q4,Qatar,994,1090459.71
2019-Q4,Kuwait,994,1190052.73
2019-Q4,Saudi Arabia,1987,2399931.33
2019-Q4,Iraq,1987,1667708.14
2019-Q4,Kazakhstan,4968,3875179.98
2019-Q4,Belarus,1987,1308493.09
2019-Q4,Ukraine,4968,3309785.5
2019-Q4,Turkey,4968,3351497.69
2019-Q4,Azerbaijan,1491,1072290.32
2019-Q4,Uzbekistan,3975,2668224.58
2019-Q4,Kyrgyzstan,994,621403.75
2019-Q4,Tajikistan,497,261009.24
2019-Q4,Armenian Diaspora (non-resident),4968,6239283.28
2019-Q4,Other,59620,54690784.95
2020-Q1,Russia,117257,83763831.96
2020-Q1,Georgia,35532,17020599.02
2020-Q1,Iran,24873,13472857.04
2020-Q1,United States,10660,13077307.78
2020-Q1,Germany,7106,7222118.14
2020-Q1,France,7107,6938340.23
2020-Q1,United Kingdom,6041,6107398.87
2020-Q1,Italy,4264,4128763.91
2020-Q1,Spain,2843,2822070.4
2020-Q1,Netherlands,2487,2506894.96
2020-Q1,Poland,2132,1695482.52
2020-Q1,Czechia,1421,1153046.36
2020-Q1,Greece,1421,1150481.48
2020-Q1,Switzerland,1421,1838831.52
2020-Q1,Austria,1066,1002333.68
2020-Q1,Belgium,1066,1079966.58
2020-Q1,Norway,711,987689.52
2020-Q1,Sweden,711,918715.35
2020-Q1,Denmark,533,623944.51
2020-Q1,Finland,533,560412.05
2020-Q1,Canada,2132,2145046.57
2020-Q1,China,1421,1353702.62
2020-Q1,India,1421,1111295.84
2020-Q1,Japan,533,591601.71
2020-Q1,South Korea,533,501876.54
2020-Q1,Israel,3553,3355110.51
2020-Q1,Lebanon,2132,1288952.92
2020-Q1,UAE,2843,2172651.64
2020-Q1,Qatar,711,645805.84
2020-Q1,Kuwait,711,613335.17
2020-Q1,Saudi Arabia,1421,1363810.65
2020-Q1,Iraq,1421,902007.92
2020-Q1,Kazakhstan,3553,2312300.88
2020-Q1,Belarus,1421,851760.89
2020-Q1,Ukraine,3553,1998691.75
2020-Q1,Turkey,3553,2053741.61
2020-Q1,Azerbaijan,1066,497497.43
2020-Q1,Uzbekistan,2843,1588201.82
2020-Q1,Kyrgyzstan,711,326891.12
2020-Q1,Tajikistan,355,146681.07
2020-Q1,Armenian Diaspora (non-resident),3553,3261116.38
2020-Q1,Other,42639,30187199.18
2020-Q2,Russia,0,0.0
2020-Q2,Georgia,0,0.0
2020-Q2,Iran,0,0.0
2020-Q2,United States,0,0.0
2020-Q2,Germany,0,0.0
2020-Q2,France,0,0.0
2020-Q2,United Kingdom,0,0.0
2020-Q2,Italy,0,0.0
2020-Q2,Spain,0,0.0
2020-Q2,Netherlands,0,0.0
2020-Q2,Poland,0,0.0
2020-Q2,Czechia,0,0.0
2020-Q2,Greece,0,0.0
2020-Q2,Switzerland,0,0.0
2020-Q2,Austria,0,0.0
2020-Q2,Belgium,0,0.0
2020-Q2,Norway,0,0.0
2020-Q2,Sweden,0,0.0
2020-Q2,Denmark,0,0.0
2020-Q2,Finland,0,0.0
2020-Q2,Canada,0,0.0
2020-Q2,China,0,0.0
2020-Q2,India,0,0.0
2020-Q2,Japan,0,0.0
2020-Q2,South Korea,0,0.0
2020-Q2,Israel,0,0.0
2020-Q2,Lebanon,0,0.0
2020-Q2,UAE,0,0.0
2020-Q2,Qatar,0,0.0
2020-Q2,Kuwait,0,0.0
2020-Q2,Saudi Arabia,0,0.0
2020-Q2,Iraq,0,0.0
2020-Q2,Kazakhstan,0,0.0
2020-Q2,Belarus,0,0.0
2020-Q2,Ukraine,0,0.0
2020-Q2,Turkey,0,0.0
2020-Q2,Azerbaijan,0,0.0
2020-Q2,Uzbekistan,0,0.0
2020-Q2,Kyrgyzstan,0,0.0
2020-Q2,Tajikistan,0,0.0
2020-Q2,Armenian Diaspora (non-resident),0,0.0
2020-Q2,Other,0,0.0
2020-Q3,Russia,7861,6149134.52
2020-Q3,Georgia,2382,1086943.35
2020-Q3,Iran,1668,922624.54
2020-Q3,United States,306,381471.92
2020-Q3,Germany,204,216772.0
2020-Q3,France,204,208169.74
2020-Q3,United Kingdom,174,186662.6
2020-Q3,Italy,123,109962.62
2020-Q3,Spain,82,74541.61
2020-Q3,Netherlands,72,71041.01
2020-Q3,Poland,61,49366.49
2020-Q3,Czechia,41,31889.26
2020-Q3,Greece,41,31894.66
2020-Q3,Switzerland,41,55137.37
2020-Q3,Austria,31,29991.28
2020-Q3,Belgium,31,30283.41
2020-Q3,Norway,20,27272.29
2020-Q3,Sweden,20,24000.1
2020-Q3,Denmark,15,16772.24
2020-Q3,Finland,15,17065.86
2020-Q3,Canada,61,65559.54
2020-Q3,China,41,39856.08
2020-Q3,India,41,31842.27
2020-Q3,Japan,15,17124.11
2020-Q3,South Korea,15,13850.6
2020-Q3,Israel,102,84767.5
2020-Q3,Lebanon,61,41365.11
2020-Q3,UAE,191,154807.4
2020-Q3,Qatar,20,18022.53
2020-Q3,Kuwait,21,16868.0
2020-Q3,Saudi Arabia,41,41185.2
2020-Q3,Iraq,41,26836.2
2020-Q3,Kazakhstan,238,143862.96
2020-Q3,Belarus,95,51945.74
2020-Q3,Ukraine,238,135037.41
2020-Q3,Turkey,238,133629.64
2020-Q3,Azerbaijan,72,36893.06
2020-Q3,Uzbekistan,191,106406.54
2020-Q3,Kyrgyzstan,20,9479.05
2020-Q3,Tajikistan,10,4433.56
2020-Q3,Armenian Diaspora (non-resident),102,105124.42
2020-Q3,Other,1225,768810.36
2020-Q4,Russia,22661,16122698.5
2020-Q4,Georgia,6867,3325250.66
2020-Q4,Iran,4807,2731759.61
2020-Q4,United States,883,1039895.97
2020-Q4,Germany,589,558755.13
2020-Q4,France,589,622605.85
2020-Q4,United Kingdom,500,586638.46
2020-Q4,Italy,353,312890.25
2020-Q4,Spain,235,225537.98
2020-Q4,Netherlands,206,202616.19
2020-Q4,Poland,176,140368.28
2020-Q4,Czechia,118,89430.32
2020-Q4,Greece,118,88180.3
2020-Q4,Switzerland,118,160857.94
2020-Q4,Austria,88,86941.14
2020-Q4,Belgium,88,91797.28
2020-Q4,Norway,59,84963.78
2020-Q4,Sweden,59,72354.37
2020-Q4,Denmark,44,55490.52
2020-Q4,Finland,44,50361.68
2020-Q4,Canada,176,197949.2
2020-Q4,China,118,102300.2
2020-Q4,India,118,85242.69
2020-Q4,Japan,44,47561.55
2020-Q4,South Korea,44,44330.0
2020-Q4,Israel,294,243477.46
2020-Q4,Lebanon,177,117711.23
2020-Q4,UAE,549,435013.3
2020-Q4,Qatar,59,54960.56
2020-Q4,Kuwait,59,53869.26
2020-Q4,Saudi Arabia,118,123592.14
2020-Q4,Iraq,118,78279.41
2020-Q4,Kazakhstan,687,405120.27
2020-Q4,Belarus,275,153484.46
2020-Q4,Ukraine,687,362175.27
2020-Q4,Turkey,687,374750.37
2020-Q4,Azerbaijan,206,115214.14
2020-Q4,Uzbekistan,549,317240.17
2020-Q4,Kyrgyzstan,59,27330.31
2020-Q4,Tajikistan,29,12113.25
2020-Q4,Armenian Diaspora (non-resident),294,282702.62
2020-Q4,Other,3532,2388351.94
2021-Q1,Russia,34829,28779507.56
2021-Q1,Georgia,10554,6109629.02
2021-Q1,Iran,7388,5196823.56
2021-Q1,United States,2375,3487388.86
2021-Q1,Germany,1583,1731030.88
2021-Q1,France,1583,1984756.92
2021-Q1,United Kingdom,1346,1732462.38
2021-Q1,Italy,950,1105412.16
2021-Q1,Spain,633,747437.19
2021-Q1,Netherlands,431,459012.94
2021-Q1,Poland,369,340189.43
2021-Q1,Czechia,246,240604.74
2021-Q1,Greece,246,204458.12
2021-Q1,Switzerland,246,401514.34
2021-Q1,Austria,185,214784.32
2021-Q1,Belgium,185,219827.23
2021-Q1,Norway,123,192974.24
2021-Q1,Sweden,123,182406.62
2021-Q1,Denmark,92,133500.37
2021-Q1,Finland,92,123784.75
2021-Q1,Canada,370,480086.45
2021-Q1,China,246,260544.86
2021-Q1,India,246,201250.63
2021-Q1,Japan,92,121457.42
2021-Q1,South Korea,92,104080.17
2021-Q1,Israel,616,656059.91
2021-Q1,Lebanon,369,294459.54
2021-Q1,UAE,844,759363.29
2021-Q1,Qatar,123,127731.6
2021-Q1,Kuwait,123,138055.94
2021-Q1,Saudi Arabia,246,270013.41
2021-Q1,Iraq,246,179273.61
2021-Q1,Kazakhstan,1056,810678.14
2021-Q1,Belarus,422,292477.99
2021-Q1,Ukraine,1056,702641.19
2021-Q1,Turkey,1056,748902.46
2021-Q1,Azerbaijan,185,119131.4
2021-Q1,Uzbekistan,844,584884.0
2021-Q1,Kyrgyzstan,123,72052.46
2021-Q1,Tajikistan,62,36165.22
2021-Q1,Armenian Diaspora (non-resident),616,695036.36
2021-Q1,Other,7388,5683953.53
2021-Q2,Russia,91425,84438472.83
2021-Q2,Georgia,27705,15430453.96
2021-Q2,Iran,19393,12965908.17
2021-Q2,United States,6234,9465116.4
2021-Q2,Germany,4156,4721467.33
2021-Q2,France,4156,4811446.02
2021-Q2,United Kingdom,3532,4167117.36
2021-Q2,Italy,2493,2729172.44
2021-Q2,Spain,1662,1855648.18
2021-Q2,Netherlands,1131,1378263.35
2021-Q2,Poland,970,934229.33
2021-Q2,Czechia,647,571232.17
2021-Q2,Greece,647,516472.01
2021-Q2,Switzerland,646,984588.54
2021-Q2,Austria,485,539857.75
2021-Q2,Belgium,485,565599.72
2021-Q2,Norway,323,539953.53
2021-Q2,Sweden,323,463456.45
2021-Q2,Denmark,242,346024.71
2021-Q2,Finland,242,325548.7
2021-Q2,Canada,970,1276995.69
2021-Q2,China,646,651284.81
2021-Q2,India,646,547369.76
2021-Q2,Japan,242,325026.72
2021-Q2,South Korea,242,287198.37
2021-Q2,Israel,1616,1655474.07
2021-Q2,Lebanon,970,756410.23
2021-Q2,UAE,2216,2077217.81
2021-Q2,Qatar,323,335551.27
2021-Q2,Kuwait,323,351534.59
2021-Q2,Saudi Arabia,647,664077.93
2021-Q2,Iraq,646,459134.2
2021-Q2,Kazakhstan,2771,1949888.84
2021-Q2,Belarus,1108,650847.25
2021-Q2,Ukraine,2771,1780222.6
2021-Q2,Turkey,2771,1911764.65
2021-Q2,Azerbaijan,485,295221.54
2021-Q2,Uzbekistan,2216,1488213.57
2021-Q2,Kyrgyzstan,323,194136.79
2021-Q2,Tajikistan,162,90264.1
2021-Q2,Armenian Diaspora (non-resident),1616,1835871.57
2021-Q2,Other,19393,17703206.4
2021-Q3,Russia,141491,121532055.23
2021-Q3,Georgia,42876,23416047.84
2021-Q3,Iran,30013,19365473.72
2021-Q3,United States,9647,12729330.08
2021-Q3,Germany,6431,7589594.39
2021-Q3,France,6431,7800111.47
2021-Q3,United Kingdom,5467,7293141.41
2021-Q3,Italy,3859,4777765.69
2021-Q3,Spain,2573,2616736.72
2021-Q3,Netherlands,1751,2120153.05
2021-Q3,Poland,1501,1351761.82
2021-Q3,Czechia,1001,973520.66
2021-Q3,Greece,1001,897481.3
2021-Q3,Switzerland,1001,1382232.01
2021-Q3,Austria,750,894684.7
2021-Q3,Belgium,750,829136.22
2021-Q3,Norway,500,785943.78
2021-Q3,Sweden,500,674390.07
2021-Q3,Denmark,375,499663.59
2021-Q3,Finland,375,509420.52
2021-Q3,Canada,1501,1906817.42
2021-Q3,China,1000,1062172.59
2021-Q3,India,1000,870472.16
2021-Q3,Japan,375,531684.0
2021-Q3,South Korea,375,420172.95
2021-Q3,Israel,2501,2420553.28
2021-Q3,Lebanon,1501,1201632.23
2021-Q3,UAE,3430,3204492.29
2021-Q3,Qatar,500,551618.73
2021-Q3,Kuwait,500,532515.73
2021-Q3,Saudi Arabia,1001,1133657.69
2021-Q3,Iraq,1000,773253.48
2021-Q3,Kazakhstan,4288,3576785.79
2021-Q3,Belarus,1715,1258912.22
2021-Q3,Ukraine,4288,2861412.08
2021-Q3,Turkey,4288,2874359.33
2021-Q3,Azerbaijan,750,488046.69
2021-Q3,Uzbekistan,3430,2184504.47
2021-Q3,Kyrgyzstan,500,289746.25
2021-Q3,Tajikistan,250,130456.08
2021-Q3,Armenian Diaspora (non-resident),2501,2895889.81
2021-Q3,Other,30013,24591856.36
2021-Q4,Russia,113628,89430461.71
2021-Q4,Georgia,34433,17592507.4
2021-Q4,Iran,24103,15132995.72
2021-Q4,United States,7747,10786298.28
2021-Q4,Germany,5165,6285264.84
2021-Q4,France,5165,6996633.09
2021-Q4,United Kingdom,4390,5941521.81
2021-Q4,Italy,3099,3362913.34
2021-Q4,Spain,2066,2296345.72
2021-Q4,Netherlands,1406,1635641.6
2021-Q4,Poland,1205,1128473.72
2021-Q4,Czechia,803,769918.78
2021-Q4,Greece,803,747143.4
2021-Q4,Switzerland,804,1201349.95
2021-Q4,Austria,603,723985.64
2021-Q4,Belgium,603,648170.44
2021-Q4,Norway,402,649435.78
2021-Q4,Sweden,402,647253.87
2021-Q4,Denmark,301,419252.25
2021-Q4,Finland,301,429017.94
2021-Q4,Canada,1205,1552484.32
2021-Q4,China,803,863502.52
2021-Q4,India,803,684615.73
2021-Q4,Japan,301,396919.04
2021-Q4,South Korea,301,329766.42
2021-Q4,Israel,2009,2144573.84
2021-Q4,Lebanon,1205,876808.11
2021-Q4,UAE,2755,2704350.15
2021-Q4,Qatar,402,442885.91
2021-Q4,Kuwait,402,427788.81
2021-Q4,Saudi Arabia,803,902318.11
2021-Q4,Iraq,803,624132.31
2021-Q4,Kazakhstan,3443,2576295.07
2021-Q4,Belarus,1377,958539.26
2021-Q4,Ukraine,3443,2079936.09
2021-Q4,Turkey,3443,2251174.75
2021-Q4,Azerbaijan,603,335288.31
2021-Q4,Uzbekistan,2755,1695121.82
2021-Q4,Kyrgyzstan,402,244765.77
2021-Q4,Tajikistan,201,109723.23
2021-Q4,Armenian Diaspora (non-resident),2009,2207870.16
2021-Q4,Other,24103,19059880.56
2022-Q1,Russia,125589,129972668.11
2022-Q1,Georgia,27486,21658650.04
2022-Q1,Iran,14800,15678596.22
2022-Q1,United States,6343,13123870.18
2022-Q1,Germany,4229,7214240.66
2022-Q1,France,4229,7594483.82
2022-Q1,United Kingdom,3594,6038846.07
2022-Q1,Italy,2537,4048840.94
2022-Q1,Spain,1691,2638335.3
2022-Q1,Netherlands,1480,2486748.18
2022-Q1,Poland,1268,1779485.1
2022-Q1,Czechia,846,1161780.97
2022-Q1,Greece,846,1121251.52
2022-Q1,Switzerland,846,1764464.8
2022-Q1,Austria,634,1073186.41
2022-Q1,Belgium,634,1110732.43
2022-Q1,Norway,423,923694.67
2022-Q1,Sweden,423,818556.1
2022-Q1,Denmark,317,661972.05
2022-Q1,Finland,317,593398.0
2022-Q1,Canada,1269,2475087.07
2022-Q1,China,507,736235.85
2022-Q1,India,846,1102671.34
2022-Q1,Japan,190,361460.83
2022-Q1,South Korea,190,311774.14
2022-Q1,Israel,2114,3384895.18
2022-Q1,Lebanon,1269,1345729.32
2022-Q1,UAE,1691,2175427.97
2022-Q1,Qatar,423,614066.61
2022-Q1,Kuwait,423,642361.79
2022-Q1,Saudi Arabia,846,1263224.79
2022-Q1,Iraq,846,942802.22
2022-Q1,Kazakhstan,2749,2888941.55
2022-Q1,Belarus,1099,1098158.33
2022-Q1,Ukraine,2114,1758575.72
2022-Q1,Turkey,2114,1919162.7
2022-Q1,Azerbaijan,634,509422.94
2022-Q1,Uzbekistan,2199,1992207.49
2022-Q1,Kyrgyzstan,550,451016.76
2022-Q1,Tajikistan,275,202357.71
2022-Q1,Armenian Diaspora (non-resident),2749,4396960.67
2022-Q1,Other,25371,30580415.23
2022-Q2,Russia,170982,209855755.49
2022-Q2,Georgia,37420,28781753.54
2022-Q2,Iran,20149,19713754.31
2022-Q2,United States,8635,18065239.72
2022-Q2,Germany,5757,10298047.21
2022-Q2,France,5757,10384682.76
2022-Q2,United Kingdom,4893,9049657.76
2022-Q2,Italy,3454,6164840.6
2022-Q2,Spain,2303,3559837.64
2022-Q2,Netherlands,2015,3348103.55
2022-Q2,Poland,1727,2243609.41
2022-Q2,Czechia,1151,1473650.93
2022-Q2,Greece,1151,1384305.68
2022-Q2,Switzerland,1151,2375675.38
2022-Q2,Austria,864,1394733.5
2022-Q2,Belgium,864,1423075.31
2022-Q2,Norway,576,1325300.29
2022-Q2,Sweden,576,1121753.98
2022-Q2,Denmark,432,883701.6
2022-Q2,Finland,432,846665.78
2022-Q2,Canada,1727,3122333.19
2022-Q2,China,691,992635.99
2022-Q2,India,1151,1436812.86
2022-Q2,Japan,259,494110.75
2022-Q2,South Korea,259,389199.74
2022-Q2,Israel,2879,4260783.15
2022-Q2,Lebanon,1727,1889596.94
2022-Q2,UAE,2303,2969190.2
2022-Q2,Qatar,576,863479.22
2022-Q2,Kuwait,576,793140.15
2022-Q2,Saudi Arabia,1151,1989193.97
2022-Q2,Iraq,1151,1320645.08
2022-Q2,Kazakhstan,3742,3990334.33
2022-Q2,Belarus,1497,1440373.31
2022-Q2,Ukraine,2879,2392826.69
2022-Q2,Turkey,2879,2563353.85
2022-Q2,Azerbaijan,864,747023.43
2022-Q2,Uzbekistan,2994,2677659.09
2022-Q2,Kyrgyzstan,748,627521.93
2022-Q2,Tajikistan,374,305426.96
2022-Q2,Armenian Diaspora (non-resident),3742,5705405.73
2022-Q2,Other,34542,40211174.6
2022-Q3,Russia,328347,403638112.5
2022-Q3,Georgia,71860,62895479.66
2022-Q3,Iran,38694,34330973.43
2022-Q3,United States,16583,33998713.81
2022-Q3,Germany,11055,21168323.76
2022-Q3,France,11055,17799192.68
2022-Q3,United Kingdom,9397,16029050.86
2022-Q3,Italy,6633,10517867.61
2022-Q3,Spain,4422,6686458.99
2022-Q3,Netherlands,3869,6794208.65
2022-Q3,Poland,3317,4532057.01
2022-Q3,Czechia,2211,2719950.22
2022-Q3,Greece,2211,2908682.58
2022-Q3,Switzerland,2211,4637850.64
2022-Q3,Austria,1658,2857115.71
2022-Q3,Belgium,1658,2601676.25
2022-Q3,Norway,1106,2457474.93
2022-Q3,Sweden,1106,2300247.27
2022-Q3,Denmark,829,1684670.12
2022-Q3,Finland,829,1601914.33
2022-Q3,Canada,3317,5535741.12
2022-Q3,China,1327,2023607.4
2022-Q3,India,2211,2547438.55
2022-Q3,Japan,497,950380.1
2022-Q3,South Korea,498,749329.4
2022-Q3,Israel,5528,8392274.71
2022-Q3,Lebanon,3317,3437883.62
2022-Q3,UAE,4422,5586852.8
2022-Q3,Qatar,1106,1701029.27
2022-Q3,Kuwait,1106,1662253.97
2022-Q3,Saudi Arabia,2211,3471862.28
2022-Q3,Iraq,2211,2561142.05
2022-Q3,Kazakhstan,7186,7589887.47
2022-Q3,Belarus,2874,2720290.11
2022-Q3,Ukraine,5528,5294199.65
2022-Q3,Turkey,5528,5062104.5
2022-Q3,Azerbaijan,1658,1489167.69
2022-Q3,Uzbekistan,5749,5287897.87
2022-Q3,Kyrgyzstan,1437,1140013.27
2022-Q3,Tajikistan,719,570230.35
2022-Q3,Armenian Diaspora (non-resident),7186,11035630.24
2022-Q3,Other,66333,70871742.32
2022-Q4,Russia,214863,282085988.4
2022-Q4,Georgia,47024,42944563.7
2022-Q4,Iran,25321,23443473.86
2022-Q4,United States,10852,19847170.15
2022-Q4,Germany,7234,12498579.89
2022-Q4,France,7234,12513980.39
2022-Q4,United Kingdom,6149,11100132.93
2022-Q4,Italy,4341,6640929.38
2022-Q4,Spain,2894,4623131.53
2022-Q4,Netherlands,2532,4384804.44
2022-Q4,Poland,2170,2710606.94
2022-Q4,Czechia,1447,2021742.29
2022-Q4,Greece,1447,2046243.83
2022-Q4,Switzerland,1447,3152393.27
2022-Q4,Austria,1085,1728054.18
2022-Q4,Belgium,1085,1745220.05
2022-Q4,Norway,723,1710329.32
2022-Q4,Sweden,723,1337383.35
2022-Q4,Denmark,543,1071659.23
2022-Q4,Finland,543,1006233.93
2022-Q4,Canada,2170,4320216.23
2022-Q4,China,868,1277754.74
2022-Q4,India,1447,1904721.08
2022-Q4,Japan,326,582137.06
2022-Q4,South Korea,326,543627.17
2022-Q4,Israel,3617,5457023.85
2022-Q4,Lebanon,2170,2241765.04
2022-Q4,UAE,2894,3941553.44
2022-Q4,Qatar,724,1140321.38
2022-Q4,Kuwait,723,1056272.97
2022-Q4,Saudi Arabia,1447,2145830.13
2022-Q4,Iraq,1447,1561387.68
2022-Q4,Kazakhstan,4702,4849027.56
2022-Q4,Belarus,1881,1747118.68
2022-Q4,Ukraine,3617,3404121.39
2022-Q4,Turkey,3617,3126563.49
2022-Q4,Azerbaijan,1085,875175.09
2022-Q4,Uzbekistan,3762,3640779.55
2022-Q4,Kyrgyzstan,941,742288.93
2022-Q4,Tajikistan,470,304223.42
2022-Q4,Armenian Diaspora (non-resident),4702,7916157.27
2022-Q4,Other,43407,53457737.3
2023-Q1,Russia,211313,229241754.52
2023-Q1,Georgia,48026,33647921.71
2023-Q1,Iran,33618,30645045.81
2023-Q1,United States,13207,25195675.66
2023-Q1,Germany,8805,16012653.56
2023-Q1,France,8805,14608730.55
2023-Q1,United Kingdom,7484,12874069.99
2023-Q1,Italy,5283,7858358.98
2023-Q1,Spain,3522,5269636.71
2023-Q1,Netherlands,3082,4966133.8
2023-Q1,Poland,2641,3507862.86
2023-Q1,Czechia,1601,1949085.13
2023-Q1,Greece,1601,1859797.94
2023-Q1,Switzerland,1601,3125295.58
2023-Q1,Austria,1201,1872731.47
2023-Q1,Belgium,1201,1936466.08
2023-Q1,Norway,800,1660998.56
2023-Q1,Sweden,800,1468141.97
2023-Q1,Denmark,600,1104577.95
2023-Q1,Finland,600,1037097.52
2023-Q1,Canada,2401,4244558.69
2023-Q1,China,1601,1953524.69
2023-Q1,India,1601,1726675.04
2023-Q1,Japan,600,1008923.14
2023-Q1,South Korea,600,795583.98
2023-Q1,Israel,4002,5237616.93
2023-Q1,Lebanon,2401,2291135.51
2023-Q1,UAE,3202,3962253.93
2023-Q1,Qatar,800,1161213.12
2023-Q1,Kuwait,800,1086521.66
2023-Q1,Saudi Arabia,1601,2277725.04
2023-Q1,Iraq,1601,1596440.79
2023-Q1,Kazakhstan,4803,5054959.05
2023-Q1,Belarus,1921,1598851.76
2023-Q1,Ukraine,4002,3342319.72
2023-Q1,Turkey,4002,3599544.94
2023-Q1,Azerbaijan,1201,965003.61
2023-Q1,Uzbekistan,3842,3470584.08
2023-Q1,Kyrgyzstan,800,599590.6
2023-Q1,Tajikistan,400,284647.88
2023-Q1,Armenian Diaspora (non-resident),4002,5692321.3
2023-Q1,Other,48026,53996603.77
2023-Q2,Russia,258741,288017204.34
2023-Q2,Georgia,58805,41422482.53
2023-Q2,Iran,41163,33201986.88
2023-Q2,United States,16171,31360241.97
2023-Q2,Germany,10781,17211706.07
2023-Q2,France,10781,16623652.2
2023-Q2,United Kingdom,9164,15389883.24
2023-Q2,Italy,6469,10250786.55
2023-Q2,Spain,4312,5491642.32
2023-Q2,Netherlands,3773,5454154.86
2023-Q2,Poland,3234,3855961.58
2023-Q2,Czechia,1960,2628994.41
2023-Q2,Greece,1960,2360386.06
2023-Q2,Switzerland,1960,4070394.18
2023-Q2,Austria,1470,2079297.26
2023-Q2,Belgium,1470,2081571.17
2023-Q2,Norway,980,2129128.6
2023-Q2,Sweden,980,1842853.95
2023-Q2,Denmark,735,1368738.65
2023-Q2,Finland,735,1274180.41
2023-Q2,Canada,2940,5030247.03
2023-Q2,China,1960,2716306.55
2023-Q2,India,1960,2290748.85
2023-Q2,Japan,735,1338150.72
2023-Q2,South Korea,735,1013204.56
2023-Q2,Israel,4901,5981671.91
2023-Q2,Lebanon,2940,3087256.57
2023-Q2,UAE,3920,5190992.65
2023-Q2,Qatar,980,1278735.52
2023-Q2,Kuwait,980,1222193.59
2023-Q2,Saudi Arabia,1960,2954558.12
2023-Q2,Iraq,1960,2051222.15
2023-Q2,Kazakhstan,5881,6409582.67
2023-Q2,Belarus,2352,2111127.02
2023-Q2,Ukraine,4901,4208671.97
2023-Q2,Turkey,4901,4096871.05
2023-Q2,Azerbaijan,1470,1195058.86
2023-Q2,Uzbekistan,4704,4054411.32
2023-Q2,Kyrgyzstan,980,697696.25
2023-Q2,Tajikistan,490,371383.73
2023-Q2,Armenian Diaspora (non-resident),4901,8007683.28
2023-Q2,Other,58805,69913425.53
2023-Q3,Russia,392572,421309120.37
2023-Q3,Georgia,89221,69776462.97
2023-Q3,Iran,62455,56395844.2
2023-Q3,United States,24536,47022965.57
2023-Q3,Germany,16357,28240937.95
2023-Q3,France,16357,27424537.22
2023-Q3,United Kingdom,13904,24331147.7
2023-Q3,Italy,9814,15189794.87
2023-Q3,Spain,6543,9565829.24
2023-Q3,Netherlands,5725,8147564.55
2023-Q3,Poland,4907,6159395.54
2023-Q3,Czechia,2974,3614117.82
2023-Q3,Greece,2974,3305629.08
2023-Q3,Switzerland,2974,6448172.26
2023-Q3,Austria,2231,3635804.15
2023-Q3,Belgium,2231,3573931.59
2023-Q3,Norway,1487,3200197.12
2023-Q3,Sweden,1487,2976410.58
2023-Q3,Denmark,1115,2022155.44
2023-Q3,Finland,1115,1971035.41
2023-Q3,Canada,4461,7116358.29
2023-Q3,China,2974,4170419.83
2023-Q3,India,2974,3355851.81
2023-Q3,Japan,1115,1824160.0
2023-Q3,South Korea,1115,1668218.64
2023-Q3,Israel,7435,10182370.74
2023-Q3,Lebanon,4461,4861946.02
2023-Q3,UAE,5948,7767423.8
2023-Q3,Qatar,1487,2045795.08
2023-Q3,Kuwait,1487,2070058.84
2023-Q3,Saudi Arabia,2974,4470861.57
2023-Q3,Iraq,2974,2943826.69
2023-Q3,Kazakhstan,8922,8439129.23
2023-Q3,Belarus,3569,3099289.19
2023-Q3,Ukraine,7435,6262933.23
2023-Q3,Turkey,7435,6098920.8
2023-Q3,Azerbaijan,2231,1859021.77
2023-Q3,Uzbekistan,7138,6367937.06
2023-Q3,Kyrgyzstan,1487,1015618.72
2023-Q3,Tajikistan,743,507679.06
2023-Q3,Armenian Diaspora (non-resident),7435,11707727.99
2023-Q3,Other,89221,105689531.32
2023-Q4,Russia,224461,265470770.45
2023-Q4,Georgia,51014,38334941.94
2023-Q4,Iran,35710,29926025.12
2023-Q4,United States,14029,24879073.98
2023-Q4,Germany,9353,15460501.04
2023-Q4,France,9353,15486851.75
2023-Q4,United Kingdom,7950,14279142.57
2023-Q4,Italy,5612,8880981.43
2023-Q4,Spain,3741,5342133.28
2023-Q4,Netherlands,3273,4795915.17
2023-Q4,Poland,2806,3451536.68
2023-Q4,Czechia,1701,2149344.39
2023-Q4,Greece,1701,1999527.72
2023-Q4,Switzerland,1700,3301758.0
2023-Q4,Austria,1275,1936682.11
2023-Q4,Belgium,1275,1864309.04
2023-Q4,Norway,850,1749527.78
2023-Q4,Sweden,850,1618568.9
2023-Q4,Denmark,638,1133132.29
2023-Q4,Finland,638,1130127.13
2023-Q4,Canada,2551,4363617.1
2023-Q4,China,1700,2204329.24
2023-Q4,India,1700,1866481.32
2023-Q4,Japan,638,1196763.9
2023-Q4,South Korea,638,901394.5
2023-Q4,Israel,4251,5226519.51
2023-Q4,Lebanon,2551,2313521.65
2023-Q4,UAE,3401,4257437.68
2023-Q4,Qatar,850,1170556.73
2023-Q4,Kuwait,850,1161877.12
2023-Q4,Saudi Arabia,1700,2704809.2
2023-Q4,Iraq,1700,1472809.07
2023-Q4,Kazakhstan,5101,5201982.93
2023-Q4,Belarus,2041,1925301.67
2023-Q4,Ukraine,4251,3509878.92
2023-Q4,Turkey,4251,3648988.11
2023-Q4,Azerbaijan,1275,996940.05
2023-Q4,Uzbekistan,4081,3411195.1
2023-Q4,Kyrgyzstan,850,627100.4
2023-Q4,Tajikistan,425,313042.17
2023-Q4,Armenian Diaspora (non-resident),4251,6962304.81
2023-Q4,Other,51014,56426759.8
2024-Q1,Russia,143965,149005804.2
2024-Q1,Georgia,56457,35631179.05
2024-Q1,Iran,39520,31594190.7
2024-Q1,United States,16167,25344241.71
2024-Q1,Germany,10778,14808375.94
2024-Q1,France,10778,14980812.47
2024-Q1,United Kingdom,9161,14933575.12
2024-Q1,Italy,6467,8495251.62
2024-Q1,Spain,4311,5021448.08
2024-Q1,Netherlands,3772,5190613.31
2024-Q1,Poland,3233,3333235.26
2024-Q1,Czechia,2053,2102863.5
2024-Q1,Greece,2053,2140902.26
2024-Q1,Switzerland,2053,3454400.77
2024-Q1,Austria,1540,1967427.44
2024-Q1,Belgium,1540,1941756.85
2024-Q1,Norway,1027,1864046.13
2024-Q1,Sweden,1027,1651894.65
2024-Q1,Denmark,770,1058787.26
2024-Q1,Finland,770,1169624.68
2024-Q1,Canada,3079,4150182.17
2024-Q1,China,2053,2200214.93
2024-Q1,India,2053,1934418.86
2024-Q1,Japan,770,1136652.9
2024-Q1,South Korea,770,936558.02
2024-Q1,Israel,5132,6173755.4
2024-Q1,Lebanon,3079,2412792.59
2024-Q1,UAE,4106,4223577.17
2024-Q1,Qatar,1027,1151496.55
2024-Q1,Kuwait,1027,1183421.94
2024-Q1,Saudi Arabia,2053,2622848.03
2024-Q1,Iraq,2053,1637613.42
2024-Q1,Kazakhstan,5132,4466994.79
2024-Q1,Belarus,2053,1513708.39
2024-Q1,Ukraine,5132,3415197.04
2024-Q1,Turkey,5132,3402627.7
2024-Q1,Azerbaijan,1540,1050402.59
2024-Q1,Uzbekistan,4106,2984567.03
2024-Q1,Kyrgyzstan,1027,643664.31
2024-Q1,Tajikistan,513,295843.0
2024-Q1,Armenian Diaspora (non-resident),5132,6539247.11
2024-Q1,Other,61589,60959341.41
2024-Q2,Russia,168399,150296156.91
2024-Q2,Georgia,66039,39166601.29
2024-Q2,Iran,46227,32119460.24
2024-Q2,United States,18911,30215091.62
2024-Q2,Germany,12607,18279742.27
2024-Q2,France,12607,16837418.58
2024-Q2,United Kingdom,10716,13289897.72
2024-Q2,Italy,7564,8718632.87
2024-Q2,Spain,5043,5835786.87
2024-Q2,Netherlands,4413,5630542.47
2024-Q2,Poland,3782,3890012.4
2024-Q2,Czechia,2401,2525913.25
2024-Q2,Greece,2401,2357665.92
2024-Q2,Switzerland,2401,4245315.01
2024-Q2,Austria,1801,2192557.05
2024-Q2,Belgium,1801,2171418.82
2024-Q2,Norway,1201,2195115.31
2024-Q2,Sweden,1201,1746335.89
2024-Q2,Denmark,901,1398500.92
2024-Q2,Finland,901,1331261.43
2024-Q2,Canada,3602,5068194.15
2024-Q2,China,2401,2993381.79
2024-Q2,India,2401,2198357.28
2024-Q2,Japan,901,1460910.16
2024-Q2,South Korea,901,1122463.83
2024-Q2,Israel,6004,6491838.81
2024-Q2,Lebanon,3602,3036257.71
2024-Q2,UAE,4803,4771766.7
2024-Q2,Qatar,1201,1335014.91
2024-Q2,Kuwait,1201,1414692.34
2024-Q2,Saudi Arabia,2401,3109299.01
2024-Q2,Iraq,2401,1954099.36
2024-Q2,Kazakhstan,6004,5292351.98
2024-Q2,Belarus,2401,1866869.72
2024-Q2,Ukraine,6004,4729855.67
2024-Q2,Turkey,6004,4529753.48
2024-Q2,Azerbaijan,1801,1312977.64
2024-Q2,Uzbekistan,4803,3198224.8
2024-Q2,Kyrgyzstan,1201,744603.12
2024-Q2,Tajikistan,600,331479.13
2024-Q2,Armenian Diaspora (non-resident),6004,7610137.42
2024-Q2,Other,72042,66134485.72
2024-Q3,Russia,261514,245077594.56
2024-Q3,Georgia,102554,70689293.72
2024-Q3,Iran,71788,52316423.71
2024-Q3,United States,29368,47211589.91
2024-Q3,Germany,19579,26414961.22
2024-Q3,France,19579,26826508.15
2024-Q3,United Kingdom,16642,23597131.69
2024-Q3,Italy,11747,15133007.16
2024-Q3,Spain,7831,10006885.97
2024-Q3,Netherlands,6853,9735441.91
2024-Q3,Poland,5874,6263182.19
2024-Q3,Czechia,3729,4030867.07
2024-Q3,Greece,3729,3505635.26
2024-Q3,Switzerland,3729,6237193.84
2024-Q3,Austria,2797,3689909.35
2024-Q3,Belgium,2797,3676813.2
2024-Q3,Norway,1865,3364247.7
2024-Q3,Sweden,1865,3067558.57
2024-Q3,Denmark,1398,2180683.74
2024-Q3,Finland,1398,2178395.07
2024-Q3,Canada,5594,8044218.6
2024-Q3,China,3729,4230395.46
2024-Q3,India,3729,3583078.63
2024-Q3,Japan,1398,1753932.64
2024-Q3,South Korea,1398,1795202.28
2024-Q3,Israel,9323,9152855.25
2024-Q3,Lebanon,5594,4294035.72
2024-Q3,UAE,7459,8008861.45
2024-Q3,Qatar,1865,2205506.7
2024-Q3,Kuwait,1865,2028877.06
2024-Q3,Saudi Arabia,3729,4531248.0
2024-Q3,Iraq,3729,3347011.39
2024-Q3,Kazakhstan,9323,7641790.26
2024-Q3,Belarus,3729,3048186.48
2024-Q3,Ukraine,9323,6851747.22
2024-Q3,Turkey,9323,6992206.46
2024-Q3,Azerbaijan,2797,2063279.32
2024-Q3,Uzbekistan,7459,5518281.92
2024-Q3,Kyrgyzstan,1865,1116064.8
2024-Q3,Tajikistan,932,535277.07
2024-Q3,Armenian Diaspora (non-resident),9323,11726064.07
2024-Q3,Other,111878,98510364.23
2024-Q4,Russia,155191,144779536.05
2024-Q4,Georgia,60859,36918344.34
2024-Q4,Iran,42601,32758897.26
2024-Q4,United States,17428,27496603.24
2024-Q4,Germany,11619,15635678.89
2024-Q4,France,11619,15775733.07
2024-Q4,United Kingdom,9876,14155406.82
2024-Q4,Italy,6971,9054348.14
2024-Q4,Spain,4647,5330770.61
2024-Q4,Netherlands,4066,5058696.87
2024-Q4,Poland,3486,3862472.87
2024-Q4,Czechia,2213,2275743.67
2024-Q4,Greece,2213,2051085.86
2024-Q4,Switzerland,2213,3800341.23
2024-Q4,Austria,1660,2140059.21
2024-Q4,Belgium,1660,1931517.8
2024-Q4,Norway,1106,1996862.25
2024-Q4,Sweden,1107,1807650.38
2024-Q4,Denmark,830,1287330.14
2024-Q4,Finland,830,1258654.03
2024-Q4,Canada,3320,4375668.46
2024-Q4,China,2213,2598322.18
2024-Q4,India,2213,2059641.79
2024-Q4,Japan,830,1190647.39
2024-Q4,South Korea,830,1091321.35
2024-Q4,Israel,5533,6863288.69
2024-Q4,Lebanon,3320,3039006.96
2024-Q4,UAE,4426,4952815.33
2024-Q4,Qatar,1106,1270421.11
2024-Q4,Kuwait,1106,1299958.77
2024-Q4,Saudi Arabia,2213,2895289.68
2024-Q4,Iraq,2213,1870183.01
2024-Q4,Kazakhstan,5533,4678107.77
2024-Q4,Belarus,2213,1693548.99
2024-Q4,Ukraine,5533,4054700.6
2024-Q4,Turkey,5533,3918463.44
2024-Q4,Azerbaijan,1660,1109471.14
2024-Q4,Uzbekistan,4426,3356219.01
2024-Q4,Kyrgyzstan,1106,696884.28
2024-Q4,Tajikistan,553,324789.93
2024-Q4,Armenian Diaspora (non-resident),5533,7205155.55
2024-Q4,Other,66392,61564554.08
2025-Q1,Russia,132101,135725096.36
2025-Q1,Georgia,48926,32902823.36
2025-Q1,Iran,34249,24743522.13
2025-Q1,United States,14678,25965237.35
2025-Q1,Germany,9785,13642215.21
2025-Q1,France,9785,12834599.78
2025-Q1,United Kingdom,8318,11706798.99
2025-Q1,Italy,5337,6685185.01
2025-Q1,Spain,3558,4512611.27
2025-Q1,Netherlands,3114,4223122.03
2025-Q1,Poland,2669,2886454.75
2025-Q1,Czechia,1779,2017534.74
2025-Q1,Greece,1779,1890647.35
2025-Q1,Switzerland,1779,3180517.93
2025-Q1,Austria,1334,1796962.94
2025-Q1,Belgium,1334,1815126.96
2025-Q1,Norway,890,1488886.66
2025-Q1,Sweden,890,1441741.12
2025-Q1,Denmark,667,947892.54
2025-Q1,Finland,667,1029032.0
2025-Q1,Canada,2669,3962546.87
2025-Q1,China,1779,2265120.12
2025-Q1,India,1779,1865793.68
2025-Q1,Japan,667,1037594.32
2025-Q1,South Korea,667,858413.1
2025-Q1,Israel,4448,5512638.8
2025-Q1,Lebanon,2669,2286723.46
2025-Q1,UAE,3914,4305100.2
2025-Q1,Qatar,890,1129998.51
2025-Q1,Kuwait,890,1046866.8
2025-Q1,Saudi Arabia,1779,2442877.95
2025-Q1,Iraq,1779,1618544.27
2025-Q1,Kazakhstan,4448,3727375.78
2025-Q1,Belarus,1779,1436533.47
2025-Q1,Ukraine,4448,3544588.09
2025-Q1,Turkey,4448,3442414.6
2025-Q1,Azerbaijan,1334,917454.41
2025-Q1,Uzbekistan,3558,2621963.38
2025-Q1,Kyrgyzstan,890,571608.85
2025-Q1,Tajikistan,445,276529.0
2025-Q1,Armenian Diaspora (non-resident),4448,5590819.03
2025-Q1,Other,53374,53996173.05
2025-Q2,Russia,177754,165050472.89
2025-Q2,Georgia,65835,43007749.78
2025-Q2,Iran,46084,35679220.77
2025-Q2,United States,19750,36571533.93
2025-Q2,Germany,13167,17532149.26
2025-Q2,France,13167,20214624.13
2025-Q2,United Kingdom,11192,16744639.95
2025-Q2,Italy,7182,9675140.42
2025-Q2,Spain,4788,6092660.6
2025-Q2,Netherlands,4189,5887953.54
2025-Q2,Poland,3591,3919746.42
2025-Q2,Czechia,2394,2824854.79
2025-Q2,Greece,2394,2444631.62
2025-Q2,Switzerland,2394,4451970.12
2025-Q2,Austria,1795,2293061.83
2025-Q2,Belgium,1795,2362261.96
2025-Q2,Norway,1197,2118416.49
2025-Q2,Sweden,1197,2019984.73
2025-Q2,Denmark,898,1535803.42
2025-Q2,Finland,898,1377571.13
2025-Q2,Canada,3591,5280139.02
2025-Q2,China,2394,2735302.22
2025-Q2,India,2394,2342888.13
2025-Q2,Japan,898,1272784.65
2025-Q2,South Korea,898,1131255.55
2025-Q2,Israel,5985,7323967.53
2025-Q2,Lebanon,3591,3368489.36
2025-Q2,UAE,5267,6607486.25
2025-Q2,Qatar,1197,1405890.39
2025-Q2,Kuwait,1197,1552312.28
2025-Q2,Saudi Arabia,2394,3198593.87
2025-Q2,Iraq,2394,2090788.18
2025-Q2,Kazakhstan,5985,5380719.42
2025-Q2,Belarus,2394,1849086.78
2025-Q2,Ukraine,5985,4633887.66
2025-Q2,Turkey,5985,4514360.85
2025-Q2,Azerbaijan,1795,1193706.56
2025-Q2,Uzbekistan,4788,3402211.22
2025-Q2,Kyrgyzstan,1197,815823.83
2025-Q2,Tajikistan,599,357381.26
2025-Q2,Armenian Diaspora (non-resident),5985,7664738.92
2025-Q2,Other,71820,71132038.27
2025-Q3,Russia,296488,305189669.75
2025-Q3,Georgia,109810,73128190.23
2025-Q3,Iran,76867,57246074.47
2025-Q3,United States,32943,57688765.93
2025-Q3,Germany,21962,33885428.15
2025-Q3,France,21962,32182253.91
2025-Q3,United Kingdom,18668,29071574.02
2025-Q3,Italy,11979,16794190.96
2025-Q3,Spain,7986,10673119.55
2025-Q3,Netherlands,6988,9903528.6
2025-Q3,Poland,5990,6786125.43
2025-Q3,Czechia,3993,4506425.26
2025-Q3,Greece,3993,3943742.78
2025-Q3,Switzerland,3993,7273902.91
2025-Q3,Austria,2995,3685396.25
2025-Q3,Belgium,2995,3796331.53
2025-Q3,Norway,1997,3977791.02
2025-Q3,Sweden,1997,3433478.37
2025-Q3,Denmark,1497,2565289.16
2025-Q3,Finland,1497,2274064.37
2025-Q3,Canada,5990,8382678.69
2025-Q3,China,3993,4773446.02
2025-Q3,India,3993,3973236.84
2025-Q3,Japan,1497,2314484.95
2025-Q3,South Korea,1497,2088049.9
2025-Q3,Israel,9983,11861232.96
2025-Q3,Lebanon,5990,5363982.21
2025-Q3,UAE,8785,9185820.08
2025-Q3,Qatar,1996,2469539.41
2025-Q3,Kuwait,1996,2415535.38
2025-Q3,Saudi Arabia,3993,5073155.69
2025-Q3,Iraq,3993,3472406.67
2025-Q3,Kazakhstan,9983,8704140.43
2025-Q3,Belarus,3993,3033078.92
2025-Q3,Ukraine,9983,8367717.04
2025-Q3,Turkey,9983,7649072.72
2025-Q3,Azerbaijan,2995,2115310.74
2025-Q3,Uzbekistan,7986,5504335.63
2025-Q3,Kyrgyzstan,1997,1259090.84
2025-Q3,Tajikistan,998,595847.94
2025-Q3,Armenian Diaspora (non-resident),9983,12725666.76
2025-Q3,Other,119793,126788255.44
